<?xml version="1.0" encoding="UTF-8"?>
<project-private xmlns="http://www.netbeans.org/ns/project-private/1">
    <editor-bookmarks xmlns="http://www.netbeans.org/ns/editor-bookmarks/2" lastBookmarkId="0"/>
    <open-files xmlns="http://www.netbeans.org/ns/projectui-open-files/2">
        <group>
            <file>file:/C:/Users/antonio/Desktop/Servicios%20Móviles/Ejercicios/Ejercicio_2/practica2_servicios/src/practica2_servicios/usuario.java</file>
            <file>file:/C:/Users/antonio/Desktop/Servicios%20Móviles/Ejercicios/Ejercicio_2/practica2_servicios/src/practica2_servicios/Peluquero.java</file>
            <file>file:/C:/Users/antonio/Desktop/Servicios%20Móviles/Ejercicios/Ejercicio_2/practica2_servicios/src/practica2_servicios/Practica2_Servicios.java</file>
            <file>file:/C:/Users/antonio/Desktop/Servicios%20Móviles/Ejercicios/Ejercicio_2/practica2_servicios/src/practica2_servicios/Practica2_ServiciosClases.java</file>
            <file>file:/C:/Users/antonio/Desktop/Servicios%20Móviles/Ejercicios/Ejercicio_2/practica2_servicios/src/practica2_servicios/Peluqueria.java</file>
            <file>file:/C:/Users/antonio/Desktop/Servicios%20Móviles/Ejercicios/Ejercicio_2/practica2_servicios/src/practica2_servicios/Lectura.java</file>
        </group>
    </open-files>
</project-private>
